chose_left,chose_right,reward_left,reward_right,subjID,q_reward,mu,blocks,contrast_difference,abs_condiff,trial
0,1,0,1,139,0.5,0.5,1,0.0424680170377635,0.0424680170377635,1
0,1,0,1,139,0.72,0.72,1,0.0242618685924445,0.0242618685924445,2
1,0,1,0,139,0.5,0.5,1,-0.0101676855550545,0.0101676855550545,3
0,1,1,0,139,0.74,0.74,1,-0.0105244130401685,0.0105244130401685,4
0,1,0,1,139,0.66,0.66,1,0.00224885964851848,0.00224885964851848,5
0,1,0,1,139,0.75,0.75,1,0.00510002289688752,0.00510002289688752,6
1,0,1,0,139,0.78,0.78,1,0.0664119915477035,0.0664119915477035,7
1,0,1,0,139,0.89,0.89,1,0.084667128310454,0.084667128310454,8
1,0,1,0,139,0.84,0.84,1,-0.00302749227204252,0.00302749227204252,9
0,1,1,0,139,0.83,0.83,1,-0.0893294783393585,0.0893294783393585,10
1,0,1,0,139,0.84,0.84,1,0.0291135225520775,0.0291135225520775,11
0,1,1,0,139,0.91,0.91,1,-0.0712856293224295,0.0712856293224295,12
1,0,1,0,139,0.87,0.87,1,0.0463569219066925,0.0463569219066925,13
1,0,1,0,139,0.88,0.88,1,-0.00177777091217651,0.00177777091217651,14
0,1,1,0,139,0.87,0.87,1,-0.0849563161206195,0.0849563161206195,15
0,1,1,0,139,0.86,0.86,1,-0.0330550615412825,0.0330550615412825,16
0,1,1,0,139,0.87,0.87,1,-0.0325776561404145,0.0325776561404145,17
1,0,1,0,139,0.9,0.9,1,0.0874220591133115,0.0874220591133115,18
1,0,1,0,139,0.9,0.9,1,0.0956002537120525,0.0956002537120525,19
0,1,1,0,139,0.93,0.93,1,-0.0599509202891595,0.0599509202891595,20
0,1,1,0,139,0.93,0.93,1,-0.0358281229393675,0.0358281229393675,21
1,0,1,0,139,0.92,0.92,1,0.0503377706794735,0.0503377706794735,22
1,0,1,0,139,0.91,0.91,1,-0.000817038423989475,0.000817038423989475,23
1,0,1,0,139,0.91,0.91,1,0.0386931671863055,0.0386931671863055,24
1,0,1,0,139,0.92,0.92,1,0.0478889571731435,0.0478889571731435,25
0,1,0,1,139,0.5,0.5,2,0.072796084241355,0.072796084241355,1
1,0,1,0,139,0.77,0.77,2,0.0567388883452535,0.0567388883452535,2
0,1,1,0,139,0.8,0.8,2,-0.0978168346662485,0.0978168346662485,3
1,0,1,0,139,0.81,0.81,2,0.0451578844011735,0.0451578844011735,4
0,1,1,0,139,0.88,0.88,2,-0.048428404981377,0.048428404981377,5
0,1,1,0,139,0.9,0.9,2,-0.0562575626936115,0.0562575626936115,6
0,1,1,0,139,0.91,0.91,2,-0.0999814042845825,0.0999814042845825,7
1,0,1,0,139,0.92,0.92,2,0.050589155333916,0.050589155333916,8
1,0,1,0,139,0.93,0.93,2,0.0825124779114195,0.0825124779114195,9
1,0,1,0,139,0.92,0.92,2,0.0157595095634785,0.0157595095634785,10
0,1,1,0,139,0.91,0.91,2,-0.0674737613576565,0.0674737613576565,11
0,1,1,0,139,0.93,0.93,2,-0.00535951213170652,0.00535951213170652,12
0,1,1,0,139,0.96,0.96,2,-0.0423483348180105,0.0423483348180105,13
1,0,1,0,139,0.96,0.96,2,0.0613904117129875,0.0613904117129875,14
0,1,1,0,139,0.94,0.94,2,-0.0399822641579765,0.0399822641579765,15
1,0,1,0,139,0.95,0.95,2,0.0885467159620155,0.0885467159620155,16
0,1,1,0,139,0.96,0.96,2,-0.0233582407594355,0.0233582407594355,17
1,0,1,0,139,0.95,0.95,2,-0.0014155762738805,0.0014155762738805,18
0,1,1,0,139,0.94,0.94,2,-0.0713939375518975,0.0713939375518975,19
1,0,1,0,139,0.96,0.96,2,0.0746934027984685,0.0746934027984685,20
1,0,1,0,139,0.95,0.95,2,0.0183610396928005,0.0183610396928005,21
1,0,1,0,139,0.94,0.94,2,0.0369425989056235,0.0369425989056235,22
1,0,1,0,139,0.96,0.96,2,0.0725181672820535,0.0725181672820535,23
1,0,1,0,139,0.04,0.96,2,0.0774880219460655,0.0774880219460655,24
0,1,0,1,139,0.0600000000000001,0.94,2,-0.079212623814896,0.079212623814896,25
0,1,0,1,139,0.5,0.5,3,-0.368179398070861,0.368179398070861,1
1,0,1,0,139,0.5,0.5,3,-0.431490994673568,0.431490994673568,2
1,0,1,0,139,0.5,0.5,3,0.406826465550381,0.406826465550381,3
0,1,0,1,139,0.5,0.5,3,-0.418297947235285,0.418297947235285,4
1,0,1,0,139,0.5,0.5,3,0.421792596187167,0.421792596187167,5
1,0,1,0,139,0.5,0.5,3,0.417793503935703,0.417793503935703,6
0,1,0,1,139,0.5,0.5,3,0.37639133156245,0.37639133156245,7
1,0,1,0,139,0.5,0.5,3,0.386739500614768,0.386739500614768,8
1,0,1,0,139,0.5,0.5,3,-0.409401828310331,0.409401828310331,9
0,1,1,0,139,0.5,0.5,3,-0.411322732508341,0.411322732508341,10
0,1,0,1,139,0.5,0.5,3,-0.378256181348595,0.378256181348595,11
1,0,1,0,139,0.5,0.5,3,-0.350173304535416,0.350173304535416,12
0,1,0,1,139,0.5,0.5,3,0.437381417657529,0.437381417657529,13
1,0,1,0,139,0.5,0.5,3,0.43211516076895,0.43211516076895,14
0,1,0,1,139,0.5,0.5,3,-0.42911007138921,0.42911007138921,15
1,0,1,0,139,0.5,0.5,3,0.410099357300774,0.410099357300774,16
0,1,1,0,139,0.56,0.56,3,-0.385241806069209,0.385241806069209,17
0,1,1,0,139,0.6,0.6,3,-0.383267598283241,0.383267598283241,18
1,0,1,0,139,0.5,0.5,3,0.417697318008194,0.417697318008194,19
1,0,1,0,139,0.59,0.59,3,0.449874806041465,0.449874806041465,20
1,0,1,0,139,0.42,0.58,3,0.35967196571316,0.35967196571316,21
0,1,1,0,139,0.57,0.57,3,-0.413102796994657,0.413102796994657,22
0,1,1,0,139,0.59,0.59,3,-0.440016849375251,0.440016849375251,23
0,1,1,0,139,0.61,0.61,3,-0.3940304781917,0.3940304781917,24
1,0,1,0,139,0.4,0.6,3,0.388020055262532,0.388020055262532,25
1,0,1,0,139,0.5,0.5,4,0.0875271270369445,0.0875271270369445,1
0,1,0,1,139,0.5,0.5,4,-0.0673937125861985,0.0673937125861985,2
0,1,1,0,139,0.54,0.54,4,-0.0465351672974155,0.0465351672974155,3
1,0,1,0,139,0.52,0.52,4,0.0739558387063325,0.0739558387063325,4
1,0,1,0,139,0.57,0.57,4,0.0665710042613065,0.0665710042613065,5
0,1,0,1,139,0.5,0.5,4,-0.0570048419029495,0.0570048419029495,6
0,1,1,0,139,0.5,0.5,4,0.00374705558306099,0.00374705558306099,7
1,0,1,0,139,0.5,0.5,4,0.00924982354829348,0.00924982354829348,8
1,0,1,0,139,0.5,0.5,4,0.0239493028939645,0.0239493028939645,9
1,0,1,0,139,0.5,0.5,4,0.0491131465576955,0.0491131465576955,10
0,1,1,0,139,0.5,0.5,4,-0.0266673924723805,0.0266673924723805,11
0,1,1,0,139,0.54,0.54,4,-0.086634637219146,0.086634637219146,12
0,1,0,1,139,0.5,0.5,4,-0.0557811986307275,0.0557811986307275,13
0,1,1,0,139,0.53,0.53,4,-0.0464335101588685,0.0464335101588685,14
0,1,0,1,139,0.5,0.5,4,-0.023506769735735,0.023506769735735,15
0,1,1,0,139,0.5,0.5,4,-0.00436203786400552,0.00436203786400552,16
1,0,1,0,139,0.5,0.5,4,0.0619135339497785,0.0619135339497785,17
1,0,1,0,139,0.5,0.5,4,0.0190623683109945,0.0190623683109945,18
1,0,1,0,139,0.5,0.5,4,0.0929946810304895,0.0929946810304895,19
1,0,1,0,139,0.5,0.5,4,0.0408065284913055,0.0408065284913055,20
0,1,0,1,139,0.5,0.5,4,0.0159035525664475,0.0159035525664475,21
0,1,1,0,139,0.5,0.5,4,-0.0827803918703805,0.0827803918703805,22
0,1,1,0,139,0.5,0.5,4,-0.092911123180555,0.092911123180555,23
0,1,1,0,139,0.5,0.5,4,-0.077941882317677,0.077941882317677,24
1,0,1,0,139,0.5,0.5,4,0.050748428162367,0.050748428162367,25
1,0,1,0,139,0.5,0.5,5,-0.00147919076512351,0.00147919076512351,1
0,1,0,1,139,0.5,0.5,5,-0.0488601237006475,0.0488601237006475,2
1,0,1,0,139,0.5,0.5,5,0.0159502188690585,0.0159502188690585,3
1,0,1,0,139,0.55,0.55,5,-0.0387469623731285,0.0387469623731285,4
1,0,1,0,139,0.55,0.55,5,-0.0442023105238495,0.0442023105238495,5
0,1,1,0,139,0.57,0.57,5,0.069822351589081,0.069822351589081,6
1,0,1,0,139,0.57,0.57,5,-0.0895595174830215,0.0895595174830215,7
1,0,1,0,139,0.67,0.67,5,-0.0152371949991095,0.0152371949991095,8
0,1,1,0,139,0.69,0.69,5,0.0445611320595315,0.0445611320595315,9
1,0,1,0,139,0.69,0.69,5,-0.0453277095635835,0.0453277095635835,10
0,1,1,0,139,0.73,0.73,5,0.0932878862696785,0.0932878862696785,11
0,1,1,0,139,0.78,0.78,5,0.0326414133729465,0.0326414133729465,12
1,0,1,0,139,0.81,0.81,5,-0.0563066384514105,0.0563066384514105,13
0,1,1,0,139,0.88,0.88,5,0.0018695380822745,0.0018695380822745,14
1,0,1,0,139,0.92,0.92,5,-0.0788543538565255,0.0788543538565255,15
1,0,1,0,139,0.89,0.89,5,0.0124794384976935,0.0124794384976935,16
1,0,1,0,139,0.91,0.91,5,-0.0808764922832155,0.0808764922832155,17
0,1,1,0,139,0.9,0.9,5,0.0346649464089505,0.0346649464089505,18
0,1,1,0,139,0.92,0.92,5,0.00241169251503251,0.00241169251503251,19
0,1,1,0,139,0.92,0.92,5,0.0498214737093215,0.0498214737093215,20
0,1,1,0,139,0.92,0.92,5,0.0535516612552155,0.0535516612552155,21
0,1,1,0,139,0.93,0.93,5,0.0216839449449935,0.0216839449449935,22
1,0,1,0,139,0.93,0.93,5,-0.0687677429464705,0.0687677429464705,23
1,0,1,0,139,0.95,0.95,5,-0.0989056649276735,0.0989056649276735,24
1,0,1,0,139,0.07,0.93,5,-0.0611581225201265,0.0611581225201265,25
0,1,0,1,139,0.5,0.5,6,0.396535660001832,0.396535660001832,1
0,1,0,1,139,0.5,0.5,6,-0.372218712285721,0.372218712285721,2
1,0,1,0,139,0.5,0.5,6,-0.443341736439295,0.443341736439295,3
1,0,1,0,139,0.5,0.5,6,0.413665872295912,0.413665872295912,4
0,1,0,1,139,0.5,0.5,6,-0.412369694391483,0.412369694391483,5
0,1,1,0,139,0.5,0.5,6,-0.428349197387429,0.428349197387429,6
0,1,1,0,139,0.56,0.56,6,-0.439377328192867,0.439377328192867,7
1,0,1,0,139,0.5,0.5,6,0.399335853106475,0.399335853106475,8
0,1,0,1,139,0.5,0.5,6,-0.427064569303941,0.427064569303941,9
1,0,1,0,139,0.5,0.5,6,0.447608438667159,0.447608438667159,10
1,0,1,0,139,0.5,0.5,6,-0.386355998082723,0.386355998082723,11
1,0,1,0,139,0.5,0.5,6,0.357120255064985,0.357120255064985,12
1,0,1,0,139,0.5,0.5,6,0.430848270570106,0.430848270570106,13
1,0,1,0,139,0.5,0.5,6,0.350577531648924,0.350577531648924,14
1,0,1,0,139,0.5,0.5,6,0.402473429303494,0.402473429303494,15
1,0,1,0,139,0.5,0.5,6,-0.444824820288095,0.444824820288095,16
1,0,1,0,139,0.38,0.38,6,0.427876058789838,0.427876058789838,17
1,0,1,0,139,0.5,0.5,6,0.370895373780304,0.370895373780304,18
1,0,1,0,139,0.5,0.5,6,-0.396156507918295,0.396156507918295,19
1,0,1,0,139,0.5,0.5,6,-0.386930239552391,0.386930239552391,20
0,1,1,0,139,0.55,0.55,6,-0.364561752456948,0.364561752456948,21
1,0,1,0,139,0.5,0.5,6,0.358187239580731,0.358187239580731,22
0,1,1,0,139,0.5,0.5,6,-0.438494744001733,0.438494744001733,23
1,0,1,0,139,0.55,0.55,6,0.367605592523528,0.367605592523528,24
1,0,1,0,139,0.45,0.55,6,0.431571011826075,0.431571011826075,25
1,0,1,0,139,0.5,0.5,7,-0.0619791077936035,0.0619791077936035,1
0,1,0,1,139,0.5,0.5,7,0.0109811893620775,0.0109811893620775,2
0,1,1,0,139,0.56,0.56,7,0.0844514208605385,0.0844514208605385,3
0,1,1,0,139,0.58,0.58,7,0.0884965078552515,0.0884965078552515,4
0,1,1,0,139,0.58,0.58,7,0.0243046971598715,0.0243046971598715,5
0,1,0,1,139,0.42,0.58,7,0.0850835325846615,0.0850835325846615,6
1,0,1,0,139,0.62,0.62,7,-0.0787451288892155,0.0787451288892155,7
0,1,1,0,139,0.65,0.65,7,0.050470047376749,0.050470047376749,8
1,0,1,0,139,0.38,0.62,7,-0.0287812828529875,0.0287812828529875,9
1,0,1,0,139,0.65,0.65,7,-0.0183337223502815,0.0183337223502815,10
0,1,0,1,139,0.39,0.61,7,0.0808163483457685,0.0808163483457685,11
1,0,1,0,139,0.5,0.5,7,-0.0934520237525665,0.0934520237525665,12
0,1,0,1,139,0.5,0.5,7,-0.0494344838145665,0.0494344838145665,13
0,1,1,0,139,0.58,0.58,7,0.0699874555899665,0.0699874555899665,14
1,0,1,0,139,0.64,0.64,7,-0.0577056244891615,0.0577056244891615,15
1,0,1,0,139,0.63,0.63,7,-0.0778208267096885,0.0778208267096885,16
1,0,1,0,139,0.7,0.7,7,-0.0670788883802105,0.0670788883802105,17
1,0,1,0,139,0.37,0.63,7,-0.0493822225797755,0.0493822225797755,18
1,0,1,0,139,0.65,0.65,7,-0.050722042659376,0.050722042659376,19
0,1,1,0,139,0.66,0.66,7,0.0885988368365915,0.0885988368365915,20
1,0,1,0,139,0.35,0.65,7,-0.0580963615467515,0.0580963615467515,21
0,1,1,0,139,0.67,0.67,7,0.0104701349206405,0.0104701349206405,22
0,1,1,0,139,0.67,0.67,7,0.0234580791331655,0.0234580791331655,23
0,1,0,1,139,0.33,0.67,7,0.00996322472049752,0.00996322472049752,24
0,1,0,1,139,0.32,0.68,7,0.0492828801294175,0.0492828801294175,25
0,1,1,0,139,0.5,0.5,8,-0.356825027649631,0.356825027649631,1
0,1,0,1,139,0.5,0.5,8,-0.391748725122103,0.391748725122103,2
0,1,1,0,139,0.5,0.5,8,0.413109857129412,0.413109857129412,3
1,0,1,0,139,0.5,0.5,8,-0.366464104927426,0.366464104927426,4
0,1,0,1,139,0.5,0.5,8,0.38681968646554,0.38681968646554,5
0,1,0,1,139,0.5,0.5,8,-0.393278430650121,0.393278430650121,6
1,0,1,0,139,0.57,0.57,8,0.386791689011535,0.386791689011535,7
0,1,1,0,139,0.5,0.5,8,0.403265801410975,0.403265801410975,8
0,1,0,1,139,0.5,0.5,8,0.394457085790878,0.394457085790878,9
1,0,1,0,139,0.5,0.5,8,0.387471886281636,0.387471886281636,10
0,1,0,1,139,0.5,0.5,8,-0.358691623452391,0.358691623452391,11
1,0,1,0,139,0.5,0.5,8,-0.389161429650771,0.389161429650771,12
0,1,0,1,139,0.5,0.5,8,0.388808167788667,0.388808167788667,13
1,0,1,0,139,0.6,0.6,8,-0.433640613359002,0.433640613359002,14
1,0,1,0,139,0.44,0.56,8,-0.368525760147387,0.368525760147387,15
1,0,1,0,139,0.61,0.61,8,-0.351146518979774,0.351146518979774,16
0,1,1,0,139,0.6,0.6,8,0.403778524891497,0.403778524891497,17
1,0,1,0,139,0.42,0.58,8,-0.399109256687519,0.399109256687519,18
0,1,1,0,139,0.61,0.61,8,0.412169189229595,0.412169189229595,19
0,1,1,0,139,0.62,0.62,8,0.372277237679986,0.372277237679986,20
1,0,1,0,139,0.62,0.62,8,-0.393289873420611,0.393289873420611,21
0,1,1,0,139,0.64,0.64,8,0.409201243503119,0.409201243503119,22
1,0,1,0,139,0.31,0.69,8,-0.387258873518605,0.387258873518605,23
1,0,1,0,139,0.28,0.72,8,-0.411972138004414,0.411972138004414,24
0,1,0,1,139,0.3,0.7,8,0.419801971743071,0.419801971743071,25
0,1,0,1,139,0.5,0.5,9,0.0531729208581225,0.0531729208581225,1
0,1,0,1,139,0.5,0.5,9,0.0780061548120595,0.0780061548120595,2
1,0,1,0,139,0.5,0.5,9,0.046037307123765,0.046037307123765,3
0,1,0,1,139,0.5,0.5,9,-0.0204106393344935,0.0204106393344935,4
0,1,1,0,139,0.5,0.5,9,-0.042834756700333,0.042834756700333,5
1,0,1,0,139,0.55,0.55,9,0.0736961233082525,0.0736961233082525,6
0,1,0,1,139,0.5,0.5,9,-0.00376905386086451,0.00376905386086451,7
1,0,1,0,139,0.5,0.5,9,-0.00636787837100952,0.00636787837100952,8
1,0,1,0,139,0.5,0.5,9,0.0770669801454965,0.0770669801454965,9
0,1,0,1,139,0.5,0.5,9,0.00149117899881451,0.00149117899881451,10
0,1,1,0,139,0.5,0.5,9,-0.0719641744453475,0.0719641744453475,11
1,0,1,0,139,0.55,0.55,9,0.0346432341603115,0.0346432341603115,12
0,1,0,1,139,0.47,0.53,9,-0.0487281607384305,0.0487281607384305,13
0,1,1,0,139,0.54,0.54,9,-0.0788478025336355,0.0788478025336355,14
1,0,1,0,139,0.53,0.53,9,0.0626761088651605,0.0626761088651605,15
0,1,0,1,139,0.47,0.53,9,-0.0428212521499925,0.0428212521499925,16
1,0,1,0,139,0.55,0.55,9,0.0709948960540585,0.0709948960540585,17
1,0,1,0,139,0.47,0.53,9,0.0981249912141265,0.0981249912141265,18
0,1,1,0,139,0.53,0.53,9,-0.0219838793759625,0.0219838793759625,19
0,1,1,0,139,0.55,0.55,9,-0.087015424775364,0.087015424775364,20
0,1,1,0,139,0.54,0.54,9,-0.0415352648505695,0.0415352648505695,21
1,0,1,0,139,0.54,0.54,9,0.0574860948946795,0.0574860948946795,22
1,0,1,0,139,0.46,0.54,9,0.00770156482288648,0.00770156482288648,23
0,1,1,0,139,0.59,0.59,9,-0.0786632572296825,0.0786632572296825,24
1,0,1,0,139,0.63,0.63,9,0.0569595301976045,0.0569595301976045,25
1,0,1,0,139,0.5,0.5,10,0.0197811486022925,0.0197811486022925,1
1,0,1,0,139,0.5,0.5,10,0.00470246305384051,0.00470246305384051,2
1,0,1,0,139,0.5,0.5,10,0.0579286774107835,0.0579286774107835,3
1,0,1,0,139,0.5,0.5,10,0.00940695406485451,0.00940695406485451,4
0,1,0,1,139,0.5,0.5,10,-0.0574925318110855,0.0574925318110855,5
0,1,0,1,139,0.5,0.5,10,-0.0044451296162735,0.0044451296162735,6
1,0,1,0,139,0.5,0.5,10,0.0892212806340725,0.0892212806340725,7
1,0,1,0,139,0.5,0.5,10,-0.0255280055885755,0.0255280055885755,8
0,1,1,0,139,0.5,0.5,10,-0.044866898770809,0.044866898770809,9
1,0,1,0,139,0.5,0.5,10,0.0498915730315545,0.0498915730315545,10
0,1,0,1,139,0.5,0.5,10,-0.0170112949359545,0.0170112949359545,11
0,1,1,0,139,0.5,0.5,10,0.0741733084509005,0.0741733084509005,12
0,1,0,1,139,0.5,0.5,10,0.0541046367527925,0.0541046367527925,13
1,0,1,0,139,0.5,0.5,10,0.00204948952611547,0.00204948952611547,14
1,0,1,0,139,0.5,0.5,10,-0.0733235428706035,0.0733235428706035,15
1,0,1,0,139,0.57,0.57,10,-0.0379514947683315,0.0379514947683315,16
1,0,1,0,139,0.56,0.56,10,-0.0156790131095005,0.0156790131095005,17
1,0,1,0,139,0.5,0.5,10,-0.0600021221031685,0.0600021221031685,18
0,1,1,0,139,0.55,0.55,10,0.0349512447021695,0.0349512447021695,19
0,1,1,0,139,0.56,0.56,10,0.0419433593008325,0.0419433593008325,20
1,0,1,0,139,0.6,0.6,10,-0.0740496332565415,0.0740496332565415,21
1,0,1,0,139,0.44,0.56,10,-0.0206373943899635,0.0206373943899635,22
1,0,1,0,139,0.59,0.59,10,-0.0682267088407655,0.0682267088407655,23
1,0,1,0,139,0.41,0.59,10,-0.0445162554846265,0.0445162554846265,24
0,1,0,1,139,0.36,0.64,10,0.0171107067110915,0.0171107067110915,25
0,1,0,1,139,0.5,0.5,11,0.40710668365818,0.40710668365818,1
0,1,0,1,139,0.5,0.5,11,-0.405585853767782,0.405585853767782,2
1,0,1,0,139,0.5,0.5,11,-0.423136083442689,0.423136083442689,3
1,0,1,0,139,0.5,0.5,11,-0.448327503295373,0.448327503295373,4
1,0,1,0,139,0.5,0.5,11,-0.419152332761376,0.419152332761376,5
1,0,1,0,139,0.5,0.5,11,0.37115033676359,0.37115033676359,6
0,1,0,1,139,0.5,0.5,11,-0.413653995437093,0.413653995437093,7
1,0,1,0,139,0.5,0.5,11,-0.414466467091861,0.414466467091861,8
0,1,0,1,139,0.5,0.5,11,0.406169456626186,0.406169456626186,9
1,0,1,0,139,0.5,0.5,11,-0.39818346120403,0.39818346120403,10
1,0,1,0,139,0.5,0.5,11,-0.408503849741893,0.408503849741893,11
1,0,1,0,139,0.5,0.5,11,-0.421830431813972,0.421830431813972,12
1,0,1,0,139,0.5,0.5,11,0.421586198611013,0.421586198611013,13
1,0,1,0,139,0.5,0.5,11,0.442700565702364,0.442700565702364,14
1,0,1,0,139,0.5,0.5,11,0.355531469929647,0.355531469929647,15
1,0,1,0,139,0.5,0.5,11,0.357789277310362,0.357789277310362,16
1,0,1,0,139,0.5,0.5,11,0.424304981710395,0.424304981710395,17
1,0,1,0,139,0.5,0.5,11,0.385644880865709,0.385644880865709,18
1,0,1,0,139,0.5,0.5,11,0.422789406316374,0.422789406316374,19
1,0,1,0,139,0.5,0.5,11,0.40104732977805,0.40104732977805,20
1,0,1,0,139,0.5,0.5,11,-0.350419881656503,0.350419881656503,21
1,0,1,0,139,0.5,0.5,11,-0.383182967663645,0.383182967663645,22
1,0,1,0,139,0.45,0.55,11,-0.38139106881161,0.38139106881161,23
0,1,0,1,139,0.5,0.5,11,0.362391825879064,0.362391825879064,24
1,0,1,0,139,0.5,0.5,11,-0.441001061045924,0.441001061045924,25
0,1,1,0,139,0.5,0.5,12,0.0842628215161775,0.0842628215161775,1
1,0,1,0,139,0.5,0.5,12,-0.0427148807070285,0.0427148807070285,2
0,1,1,0,139,0.58,0.58,12,0.00526616910556549,0.00526616910556549,3
1,0,1,0,139,0.58,0.58,12,-0.00170301923081148,0.00170301923081148,4
1,0,1,0,139,0.67,0.67,12,-0.037442119839169,0.037442119839169,5
1,0,1,0,139,0.77,0.77,12,-0.0351901055110115,0.0351901055110115,6
1,0,1,0,139,0.77,0.77,12,-0.0913370600025735,0.0913370600025735,7
0,1,1,0,139,0.82,0.82,12,0.0329264987053615,0.0329264987053615,8
0,1,1,0,139,0.84,0.84,12,0.0601240737154775,0.0601240737154775,9
1,0,1,0,139,0.85,0.85,12,-0.0403692563516185,0.0403692563516185,10
0,1,1,0,139,0.87,0.87,12,0.0481020149966425,0.0481020149966425,11
0,1,1,0,139,0.89,0.89,12,0.0580800827208045,0.0580800827208045,12
1,0,1,0,139,0.89,0.89,12,-0.0392214244179165,0.0392214244179165,13
0,1,1,0,139,0.91,0.91,12,0.0974965329601785,0.0974965329601785,14
0,1,1,0,139,0.93,0.93,12,0.0544439305261945,0.0544439305261945,15
1,0,1,0,139,0.95,0.95,12,-0.07688206090358,0.07688206090358,16
1,0,1,0,139,0.95,0.95,12,-0.0761617713942465,0.0761617713942465,17
1,0,1,0,139,0.95,0.95,12,-0.0806589815919585,0.0806589815919585,18
0,1,1,0,139,0.96,0.96,12,0.0970302218979585,0.0970302218979585,19
0,1,1,0,139,0.95,0.95,12,0.0610168616204735,0.0610168616204735,20
0,1,1,0,139,0.97,0.97,12,0.0768579796218855,0.0768579796218855,21
0,1,1,0,139,0.97,0.97,12,0.00163641407961751,0.00163641407961751,22
1,0,1,0,139,0.96,0.96,12,-0.031930083841876,0.031930083841876,23
1,0,1,0,139,0.97,0.97,12,-0.0781410263139905,0.0781410263139905,24
NaN,NaN,NaN,NaN,139,NaN,NaN,12,NaN,NaN,25
0,1,0,1,143,1,1,1,-0.0830800095809185,0.0830800095809185,1
1,0,1,0,143,1,1,1,0.0660234555210825,0.0660234555210825,2
0,1,1,0,143,1,1,1,0.0644367712841865,0.0644367712841865,3
0,1,1,0,143,1,1,1,0.0756948566164385,0.0756948566164385,4
0,1,1,0,143,1,1,1,0.0779005126269075,0.0779005126269075,5
1,0,1,0,143,0.76,0.76,1,-0.0410522155340865,0.0410522155340865,6
1,0,1,0,143,1,1,1,-0.0566519707680775,0.0566519707680775,7
0,1,1,0,143,1,1,1,0.0863940375500275,0.0863940375500275,8
0,1,1,0,143,1,1,1,0.0843751957559755,0.0843751957559755,9
1,0,1,0,143,1,1,1,-0.0244856146873565,0.0244856146873565,10
1,0,1,0,143,1,1,1,-0.047443460558188,0.047443460558188,11
1,0,1,0,143,1,1,1,-0.0616327805119135,0.0616327805119135,12
0,1,1,0,143,1,1,1,0.0479966118197565,0.0479966118197565,13
0,1,1,0,143,1,1,1,0.0831688022267975,0.0831688022267975,14
1,0,1,0,143,1,1,1,-0.00901450780900651,0.00901450780900651,15
0,1,1,0,143,1,1,1,0.0305398040529895,0.0305398040529895,16
1,0,1,0,143,1,1,1,-0.0847083984919645,0.0847083984919645,17
0,1,1,0,143,1,1,1,0.0360733176265335,0.0360733176265335,18
0,1,1,0,143,1,1,1,0.0708653188352325,0.0708653188352325,19
1,0,1,0,143,1,1,1,-0.0410870134884965,0.0410870134884965,20
0,1,1,0,143,1,1,1,0.00471011622389547,0.00471011622389547,21
1,0,1,0,143,1,1,1,-0.058363784091287,0.058363784091287,22
1,0,1,0,143,1,1,1,-0.0910936660910825,0.0910936660910825,23
1,0,1,0,143,1,1,1,-0.0747885556511825,0.0747885556511825,24
0,1,1,0,143,1,1,1,0.0295953168311755,0.0295953168311755,25
1,0,1,0,143,1,0,2,-0.0937840820170675,0.0937840820170675,1
1,0,1,0,143,1,1,2,-0.0677608274713255,0.0677608274713255,2
0,1,1,0,143,NaN,NaN,2,-0.0744383441251875,0.0744383441251875,3
1,0,1,0,143,1,1,2,0.0957570779535725,0.0957570779535725,4
1,0,1,0,143,1,0,2,0.043141279841443,0.043141279841443,5
1,0,1,0,143,1,1,2,-0.0978859836592725,0.0978859836592725,6
0,1,1,0,143,0,0,2,-0.00199693293946052,0.00199693293946052,7
0,1,0,1,143,1,0,2,-0.0508369981163555,0.0508369981163555,8
0,1,0,1,143,1,1,2,0.0917004755684815,0.0917004755684815,9
1,0,1,0,143,1,1,2,0.0337946981934465,0.0337946981934465,10
1,0,1,0,143,0,1,2,0.0288309330843945,0.0288309330843945,11
0,1,1,0,143,0,0,2,-0.0112556459203215,0.0112556459203215,12
1,0,1,0,143,0,0,2,-0.0174079123160445,0.0174079123160445,13
0,1,0,1,143,0,0,2,0.0345481563449665,0.0345481563449665,14
1,0,1,0,143,1,1,2,0.0561464669478635,0.0561464669478635,15
0,1,1,0,143,0,0,2,-0.0448899226798345,0.0448899226798345,16
0,1,1,0,143,1,1,2,-0.0396985459621655,0.0396985459621655,17
1,0,1,0,143,1,1,2,0.0790898306854825,0.0790898306854825,18
0,1,0,1,143,NaN,NaN,2,0.00442017742743753,0.00442017742743753,19
1,0,1,0,143,1,1,2,0.0446369373904665,0.0446369373904665,20
1,0,1,0,143,1,0,2,0.0326731344075785,0.0326731344075785,21
0,1,0,1,143,1,0,2,-0.0574159586390855,0.0574159586390855,22
0,1,0,1,143,0,0,2,0.0320820501318165,0.0320820501318165,23
1,0,1,0,143,1,0,2,0.0855421769371545,0.0855421769371545,24
0,1,0,1,143,1,0,2,-0.012445694420318,0.012445694420318,25
1,0,1,0,143,0,0,3,0.0237834219370845,0.0237834219370845,1
0,1,0,1,143,0,0,3,-0.090183681718023,0.090183681718023,2
1,0,1,0,143,1,1,3,0.0668317962360185,0.0668317962360185,3
0,1,1,0,143,1,1,3,0.0741253586120155,0.0741253586120155,4
0,1,1,0,143,1,1,3,0.00342685124231851,0.00342685124231851,5
0,1,1,0,143,1,1,3,0.0578543082396475,0.0578543082396475,6
1,0,1,0,143,1,1,3,-0.0209204752610355,0.0209204752610355,7
0,1,1,0,143,1,1,3,0.0639543413104275,0.0639543413104275,8
1,0,1,0,143,1,1,3,-0.053597568021556,0.053597568021556,9
1,0,1,0,143,NaN,NaN,3,-0.0702116298865575,0.0702116298865575,10
1,0,1,0,143,1,1,3,-0.0790652029624435,0.0790652029624435,11
1,0,1,0,143,1,1,3,-0.0317474026494965,0.0317474026494965,12
0,1,1,0,143,1,1,3,0.0403129098993165,0.0403129098993165,13
0,1,1,0,143,1,1,3,0.0309536400579995,0.0309536400579995,14
1,0,1,0,143,1,1,3,-0.0841142773329045,0.0841142773329045,15
1,0,1,0,143,1,1,3,-0.0118241724474925,0.0118241724474925,16
1,0,1,0,143,1,1,3,-0.0260263865669835,0.0260263865669835,17
1,0,1,0,143,1,1,3,-0.0564600801292175,0.0564600801292175,18
0,1,1,0,143,1,1,3,0.0419232335632255,0.0419232335632255,19
0,1,1,0,143,1,1,3,0.0261682543367435,0.0261682543367435,20
1,0,1,0,143,1,1,3,-0.0981440403762165,0.0981440403762165,21
0,1,1,0,143,1,1,3,0.0907745323311575,0.0907745323311575,22
1,0,1,0,143,1,1,3,-0.0226288298755865,0.0226288298755865,23
0,1,1,0,143,1,1,3,0.0466783684240355,0.0466783684240355,24
1,0,1,0,143,0,1,3,-0.0164505489109775,0.0164505489109775,25
0,1,0,1,143,0,0,4,-0.41707953061796,0.41707953061796,1
0,1,1,0,143,1,0,4,-0.426117855051724,0.426117855051724,2
1,0,1,0,143,1,0,4,0.356379264276103,0.356379264276103,3
1,0,1,0,143,1,1,4,0.397494379658415,0.397494379658415,4
1,0,1,0,143,1,1,4,0.378922595260495,0.378922595260495,5
1,0,1,0,143,1,1,4,-0.43478405375851,0.43478405375851,6
1,0,1,0,143,1,1,4,-0.415892216765214,0.415892216765214,7
1,0,1,0,143,1,0,4,-0.377372482032275,0.377372482032275,8
0,1,0,1,143,1,1,4,-0.424068931635778,0.424068931635778,9
0,1,0,1,143,1,1,4,-0.436642124050321,0.436642124050321,10
0,1,0,1,143,1,0,4,0.401646433975685,0.401646433975685,11
1,0,1,0,143,1,1,4,0.425023584349049,0.425023584349049,12
1,0,1,0,143,1,1,4,0.428712911052773,0.428712911052773,13
0,1,0,1,143,0,1,4,0.422461076828435,0.422461076828435,14
1,0,1,0,143,1,1,4,-0.386101510208773,0.386101510208773,15
0,1,1,0,143,1,1,4,0.422329302282948,0.422329302282948,16
1,0,1,0,143,1,1,4,-0.350576187473173,0.350576187473173,17
1,0,1,0,143,1,1,4,-0.400364145974412,0.400364145974412,18
0,1,1,0,143,1,1,4,0.409848011687159,0.409848011687159,19
0,1,1,0,143,1,1,4,0.359916806187496,0.359916806187496,20
0,1,1,0,143,1,1,4,0.448867732161188,0.448867732161188,21
1,0,1,0,143,1,0,4,-0.436717655953155,0.436717655953155,22
0,1,0,1,143,1,1,4,-0.415567415615701,0.415567415615701,23
1,0,1,0,143,1,0,4,0.356741445297511,0.356741445297511,24
0,1,1,0,143,1,0,4,-0.411823807244095,0.411823807244095,25
0,1,0,1,143,1,0,5,-0.445477761008792,0.445477761008792,1
1,0,1,0,143,1,1,5,-0.396941662083025,0.396941662083025,2
1,0,1,0,143,1,1,5,0.408793677146012,0.408793677146012,3
0,1,1,0,143,1,1,5,-0.435455093326999,0.435455093326999,4
1,0,1,0,143,1,0,5,0.444445839639137,0.444445839639137,5
1,0,1,0,143,1,0,5,-0.380947918994625,0.380947918994625,6
1,0,1,0,143,1,1,5,0.382837237726633,0.382837237726633,7
1,0,1,0,143,1,0,5,0.441209965902218,0.441209965902218,8
0,1,0,1,143,1,1,5,0.402859917014838,0.402859917014838,9
0,1,1,0,143,NaN,NaN,5,-0.439825743988534,0.439825743988534,10
0,1,1,0,143,NaN,NaN,5,-0.444616108361214,0.444616108361214,11
0,1,0,1,143,1,0,5,-0.408986443316643,0.408986443316643,12
0,1,1,0,143,1,1,5,-0.384682741667959,0.384682741667959,13
1,0,1,0,143,1,1,5,0.395439633522576,0.395439633522576,14
1,0,1,0,143,1,1,5,0.396047135000863,0.396047135000863,15
0,1,1,0,143,1,1,5,-0.409300739620351,0.409300739620351,16
1,0,1,0,143,1,1,5,-0.397794656806835,0.397794656806835,17
1,0,1,0,143,NaN,NaN,5,0.442107630072541,0.442107630072541,18
0,1,1,0,143,1,1,5,-0.411111747571867,0.411111747571867,19
1,0,1,0,143,1,1,5,0.397569596092416,0.397569596092416,20
1,0,1,0,143,0,1,5,0.418181880784933,0.418181880784933,21
0,1,0,1,143,1,0,5,-0.398352066741238,0.398352066741238,22
1,0,1,0,143,1,1,5,0.446761075701645,0.446761075701645,23
0,1,1,0,143,1,1,5,-0.4488972730323,0.4488972730323,24
1,0,1,0,143,0,1,5,0.425963717860994,0.425963717860994,25
0,1,1,0,143,0,0,6,-0.0373726628785315,0.0373726628785315,1
0,1,1,0,143,1,1,6,-0.0199736206667515,0.0199736206667515,2
0,1,1,0,143,0,0,6,-0.0486327060008515,0.0486327060008515,3
0,1,1,0,143,1,1,6,-0.0593234282219925,0.0593234282219925,4
0,1,1,0,143,1,1,6,-0.0683976563029765,0.0683976563029765,5
0,1,1,0,143,1,1,6,-0.0838487974542865,0.0838487974542865,6
0,1,0,1,143,1,1,6,0.0155362530836735,0.0155362530836735,7
0,1,1,0,143,1,1,6,-0.0285400543152785,0.0285400543152785,8
0,1,1,0,143,1,1,6,-0.0101454981985235,0.0101454981985235,9
1,0,1,0,143,1,1,6,0.0296185016963495,0.0296185016963495,10
0,1,1,0,143,1,1,6,-0.0611987971465475,0.0611987971465475,11
1,0,1,0,143,1,1,6,0.0410824925489235,0.0410824925489235,12
1,0,1,0,143,1,1,6,0.0695064155182415,0.0695064155182415,13
1,0,1,0,143,1,1,6,-0.0161090963507875,0.0161090963507875,14
1,0,1,0,143,1,1,6,0.0591450207059915,0.0591450207059915,15
1,0,1,0,143,1,1,6,0.0409461517573855,0.0409461517573855,16
1,0,1,0,143,1,1,6,0.0776927974714455,0.0776927974714455,17
1,0,1,0,143,1,1,6,0.0814614593394225,0.0814614593394225,18
1,0,1,0,143,1,1,6,-0.000446952473923512,0.000446952473923512,19
1,0,1,0,143,1,1,6,0.0941113930248985,0.0941113930248985,20
1,0,1,0,143,1,1,6,0.0138955237963935,0.0138955237963935,21
1,0,1,0,143,1,1,6,0.0240604273462065,0.0240604273462065,22
0,1,0,1,143,0,1,6,-0.0817234324641915,0.0817234324641915,23
1,0,1,0,143,0,1,6,0.0677304533493365,0.0677304533493365,24
0,1,0,1,143,0,1,6,-0.0163413289710445,0.0163413289710445,25
1,0,1,0,143,1,0,7,0.0473752110649025,0.0473752110649025,1
1,0,1,0,143,1,1,7,0.0779361341891825,0.0779361341891825,2
0,1,1,0,143,1,1,7,0.0307846657954985,0.0307846657954985,3
1,0,1,0,143,1,1,7,-0.0963019430526435,0.0963019430526435,4
1,0,1,0,143,1,0,7,-0.0841791220371335,0.0841791220371335,5
1,0,1,0,143,1,0,7,0.0688591071259455,0.0688591071259455,6
1,0,1,0,143,1,1,7,0.0987914370431835,0.0987914370431835,7
0,1,1,0,143,1,1,7,0.0996622765209345,0.0996622765209345,8
1,0,1,0,143,1,1,7,-0.0337151369666715,0.0337151369666715,9
0,1,0,1,143,1,0,7,0.0363400213697155,0.0363400213697155,10
0,1,1,0,143,1,1,7,0.0131228665442795,0.0131228665442795,11
1,0,1,0,143,1,0,7,-0.0643500071083835,0.0643500071083835,12
0,1,0,1,143,NaN,NaN,7,-0.0129101915210925,0.0129101915210925,13
0,1,1,0,143,1,1,7,0.041704951946163,0.041704951946163,14
1,0,1,0,143,1,1,7,-0.0404935458488465,0.0404935458488465,15
0,1,1,0,143,1,1,7,0.0755783701283835,0.0755783701283835,16
0,1,1,0,143,1,1,7,0.0666897052703945,0.0666897052703945,17
0,1,0,1,143,0,0,7,-0.00728682844883449,0.00728682844883449,18
0,1,0,1,143,1,0,7,0.0893764929461485,0.0893764929461485,19
1,0,1,0,143,1,1,7,-0.0317793887486365,0.0317793887486365,20
1,0,1,0,143,1,1,7,-0.0995591963044605,0.0995591963044605,21
1,0,1,0,143,0,1,7,-0.00132311195605347,0.00132311195605347,22
1,0,1,0,143,1,1,7,-0.0910930523908525,0.0910930523908525,23
0,1,1,0,143,NaN,NaN,7,0.0708653375149145,0.0708653375149145,24
1,0,1,0,143,NaN,NaN,7,-0.0983645912298765,0.0983645912298765,25
0,1,0,1,143,0.5,0.5,8,0.000980503939605526,0.000980503939605526,1
1,0,1,0,143,1,1,8,0.0147362589846685,0.0147362589846685,2
0,1,1,0,143,1,1,8,0.0711839862633805,0.0711839862633805,3
0,1,0,1,143,1,0,8,0.0997968128402495,0.0997968128402495,4
1,0,1,0,143,1,0,8,-0.000272682772519517,0.000272682772519517,5
0,1,0,1,143,1,1,8,-0.0689556561733035,0.0689556561733035,6
0,1,0,1,143,1,1,8,-0.0818957493442395,0.0818957493442395,7
0,1,1,0,143,NaN,NaN,8,0.0922097271860055,0.0922097271860055,8
1,0,1,0,143,0,1,8,-0.00877408777015648,0.00877408777015648,9
1,0,1,0,143,1,1,8,-0.000164902485870477,0.000164902485870477,10
0,1,1,0,143,1,1,8,0.0235804339069735,0.0235804339069735,11
0,1,0,1,143,0,1,8,0.0453192915669795,0.0453192915669795,12
0,1,1,0,143,1,1,8,0.0337337388661165,0.0337337388661165,13
1,0,1,0,143,1,1,8,-0.0247586740759315,0.0247586740759315,14
0,1,1,0,143,1,1,8,0.0606586581817405,0.0606586581817405,15
1,0,1,0,143,1,1,8,-0.0499564187696195,0.0499564187696195,16
1,0,1,0,143,1,1,8,-0.0295924224229455,0.0295924224229455,17
0,1,0,1,143,NaN,NaN,8,-0.0619362910591545,0.0619362910591545,18
0,1,1,0,143,1,1,8,0.0408402412086195,0.0408402412086195,19
0,1,1,0,143,1,1,8,0.00102226209392248,0.00102226209392248,20
0,1,0,1,143,0,1,8,0.0317677582877705,0.0317677582877705,21
1,0,1,0,143,1,1,8,-0.0986653648018315,0.0986653648018315,22
1,0,1,0,143,0,1,8,-0.0818458856897165,0.0818458856897165,23
1,0,1,0,143,0,1,8,-0.0846698304881185,0.0846698304881185,24
1,0,1,0,143,NaN,NaN,8,-0.0104030975776615,0.0104030975776615,25
0,1,0,1,143,0,1,9,-0.0581752298817605,0.0581752298817605,1
0,1,1,0,143,1,1,9,-0.0566253584794375,0.0566253584794375,2
0,1,1,0,143,1,1,9,-0.0525603116762155,0.0525603116762155,3
0,1,0,1,143,0,1,9,-0.0523243376773055,0.0523243376773055,4
0,1,1,0,143,1,1,9,-0.0219434408155295,0.0219434408155295,5
1,0,1,0,143,1,1,9,0.0957358036558905,0.0957358036558905,6
0,1,0,1,143,0,1,9,-0.0891456719450045,0.0891456719450045,7
0,1,1,0,143,1,1,9,-0.0190835571781155,0.0190835571781155,8
1,0,1,0,143,0,1,9,0.0289560868777435,0.0289560868777435,9
1,0,1,0,143,0,0,9,-0.0082414932601135,0.0082414932601135,10
0,1,0,1,143,1,1,9,0.0636830927690385,0.0636830927690385,11
1,0,1,0,143,1,1,9,0.0712244152884565,0.0712244152884565,12
0,1,1,0,143,1,1,9,-0.0914441704419295,0.0914441704419295,13
0,1,1,0,143,0,0,9,-0.0934667249697605,0.0934667249697605,14
1,0,1,0,143,1,1,9,0.0733247694859895,0.0733247694859895,15
1,0,1,0,143,1,1,9,0.0734449993373385,0.0734449993373385,16
1,0,1,0,143,1,1,9,0.0376382280098155,0.0376382280098155,17
1,0,1,0,143,0,1,9,-0.0389597862905685,0.0389597862905685,18
1,0,1,0,143,1,1,9,0.0597040700169715,0.0597040700169715,19
1,0,1,0,143,1,1,9,0.0353959365765935,0.0353959365765935,20
1,0,1,0,143,NaN,NaN,9,0.0969849613500265,0.0969849613500265,21
1,0,1,0,143,1,1,9,0.017109412378618,0.017109412378618,22
0,1,1,0,143,1,1,9,-0.0274928043547375,0.0274928043547375,23
1,0,1,0,143,1,1,9,-0.00984984840931952,0.00984984840931952,24
1,0,1,0,143,0,1,9,0.0819014125547705,0.0819014125547705,25
1,0,1,0,143,1,0,10,0.396428561553132,0.396428561553132,1
1,0,1,0,143,1,1,10,0.424436470736713,0.424436470736713,2
1,0,1,0,143,1,1,10,0.370274901189802,0.370274901189802,3
1,0,1,0,143,1,0,10,-0.438906531731569,0.438906531731569,4
0,1,0,1,143,1,1,10,-0.421905512715332,0.421905512715332,5
1,0,1,0,143,1,0,10,0.441193660488118,0.441193660488118,6
1,0,1,0,143,0,0,10,0.372405738744994,0.372405738744994,7
0,1,0,1,143,1,1,10,-0.359180221319423,0.359180221319423,8
0,1,1,0,143,1,1,10,0.379959185309066,0.379959185309066,9
1,0,1,0,143,1,0,10,-0.417009211297921,0.417009211297921,10
1,0,1,0,143,1,0,10,0.423578794514889,0.423578794514889,11
0,1,0,1,143,1,1,10,-0.374387476885506,0.374387476885506,12
0,1,0,1,143,1,1,10,-0.416806719768596,0.416806719768596,13
1,0,1,0,143,1,1,10,0.412933554707803,0.412933554707803,14
1,0,1,0,143,1,1,10,-0.444539785751894,0.444539785751894,15
0,1,1,0,143,1,1,10,0.437432664037224,0.437432664037224,16
1,0,1,0,143,1,1,10,-0.399795766795426,0.399795766795426,17
1,0,1,0,143,1,1,10,-0.350514380542009,0.350514380542009,18
0,1,1,0,143,1,1,10,0.43195291384612,0.43195291384612,19
1,0,1,0,143,1,0,10,-0.366225719774215,0.366225719774215,20
1,0,1,0,143,1,1,10,0.426045725338123,0.426045725338123,21
1,0,1,0,143,1,1,10,-0.362313437333176,0.362313437333176,22
1,0,1,0,143,1,0,10,-0.440751323593906,0.440751323593906,23
1,0,1,0,143,1,0,10,0.408588545125462,0.408588545125462,24
1,0,1,0,143,0,1,10,-0.404129236552456,0.404129236552456,25
1,0,1,0,143,1,0,11,-0.430233641191525,0.430233641191525,1
0,1,0,1,143,0,0,11,0.389494500611318,0.389494500611318,2
1,0,1,0,143,1,1,11,-0.360599914781756,0.360599914781756,3
0,1,1,0,143,0,0,11,-0.429878441138727,0.429878441138727,4
0,1,0,1,143,1,0,11,-0.389254602190783,0.389254602190783,5
0,1,1,0,143,NaN,NaN,11,0.42226644833574,0.42226644833574,6
0,1,0,1,143,1,1,11,0.411374554020026,0.411374554020026,7
0,1,0,1,143,0.5,0.5,11,0.375382714201286,0.375382714201286,8
1,0,1,0,143,0,1,11,0.41425374506143,0.41425374506143,9
0,1,0,1,143,0.5,0.5,11,0.440308782167848,0.440308782167848,10
0,1,1,0,143,1,1,11,-0.426375204361277,0.426375204361277,11
0,1,1,0,143,1,1,11,-0.374379788578445,0.374379788578445,12
1,0,1,0,143,1,1,11,0.441205717090658,0.441205717090658,13
0,1,0,1,143,1,0,11,-0.431467890385145,0.431467890385145,14
1,0,1,0,143,0,0,11,-0.42107992712321,0.42107992712321,15
0,1,0,1,143,1,1,11,0.378467991091158,0.378467991091158,16
0,1,1,0,143,1,1,11,-0.374570682461378,0.374570682461378,17
1,0,1,0,143,1,1,11,0.408716036363684,0.408716036363684,18
0,1,1,0,143,1,1,11,-0.400211427722362,0.400211427722362,19
1,0,1,0,143,1,1,11,0.394794662088953,0.394794662088953,20
1,0,1,0,143,0,1,11,0.44298174250022,0.44298174250022,21
1,0,1,0,143,0.75,0.75,11,0.355508513131352,0.355508513131352,22
0,1,1,0,143,1,1,11,-0.391800779619454,0.391800779619454,23
1,0,1,0,143,1,0,11,0.377736793360718,0.377736793360718,24
0,1,0,1,143,1,0,11,-0.354639468719694,0.354639468719694,25
1,0,1,0,143,1,1,12,0.0701183784573755,0.0701183784573755,1
1,0,1,0,143,1,1,12,0.0777174240198525,0.0777174240198525,2
0,1,1,0,143,1,1,12,-0.0771940552123825,0.0771940552123825,3
0,1,1,0,143,1,1,12,-0.0978152159133395,0.0978152159133395,4
1,0,1,0,143,1,1,12,0.0900613409225665,0.0900613409225665,5
1,0,1,0,143,1,1,12,0.0193703391850605,0.0193703391850605,6
0,1,1,0,143,1,1,12,-0.00849159670277949,0.00849159670277949,7
1,0,1,0,143,1,1,12,0.0762068760004495,0.0762068760004495,8
0,1,1,0,143,1,1,12,-0.0419276029806005,0.0419276029806005,9
1,0,1,0,143,1,1,12,-0.0186972674160585,0.0186972674160585,10
1,0,1,0,143,1,1,12,0.0167246631507305,0.0167246631507305,11
0,1,1,0,143,1,1,12,-0.0160664180211985,0.0160664180211985,12
0,1,1,0,143,1,1,12,-0.0878766669412915,0.0878766669412915,13
1,0,1,0,143,1,1,12,0.0645540645618565,0.0645540645618565,14
1,0,1,0,143,1,1,12,0.078495877362787,0.078495877362787,15
0,1,1,0,143,1,1,12,-0.039281392527922,0.039281392527922,16
1,0,1,0,143,1,1,12,0.0513614871073395,0.0513614871073395,17
0,1,1,0,143,1,1,12,-0.0539075084983945,0.0539075084983945,18
1,0,1,0,143,1,1,12,0.00405502304828048,0.00405502304828048,19
1,0,1,0,143,NaN,NaN,12,0.069297764402398,0.069297764402398,20
0,1,1,0,143,1,1,12,-0.0243556442376635,0.0243556442376635,21
1,0,1,0,143,1,1,12,0.0336975711638855,0.0336975711638855,22
1,0,1,0,143,NaN,NaN,12,0.0136818850828645,0.0136818850828645,23
0,1,1,0,143,1,1,12,-0.0691459031895265,0.0691459031895265,24
NaN,NaN,NaN,NaN,143,NaN,NaN,12,NaN,NaN,25
1,0,1,0,145,0.78,0.78,1,0.44062334788303,0.44062334788303,1
0,1,0,1,145,0.62,0.38,1,-0.426547108968391,0.426547108968391,2
1,0,1,0,145,0.8,0.8,1,0.420231061067569,0.420231061067569,3
0,1,0,1,145,0.89,0.89,1,0.434086696455051,0.434086696455051,4
0,1,1,0,145,0.96,0.96,1,-0.384990361198076,0.384990361198076,5
0,1,0,1,145,0.21,0.79,1,-0.391704739440343,0.391704739440343,6
0,1,1,0,145,0.84,0.84,1,-0.426338624220358,0.426338624220358,7
1,0,1,0,145,0.92,0.92,1,0.409934320335744,0.409934320335744,8
1,0,1,0,145,0.15,0.85,1,0.402321864667064,0.402321864667064,9
0,1,1,0,145,0.86,0.86,1,-0.391688912648186,0.391688912648186,10
0,1,1,0,145,NaN,NaN,1,-0.378292162075839,0.378292162075839,11
1,0,1,0,145,0.36,0.64,1,-0.41287863668329,0.41287863668329,12
0,1,1,0,145,0.77,0.77,1,-0.379293866568305,0.379293866568305,13
0,1,0,1,145,0.24,0.76,1,-0.446375442889765,0.446375442889765,14
1,0,1,0,145,0.64,0.64,1,0.404069414277213,0.404069414277213,15
0,1,1,0,145,0.43,0.57,1,0.415939380782177,0.415939380782177,16
1,0,1,0,145,0.62,0.62,1,0.425043927259729,0.425043927259729,17
0,1,1,0,145,0.46,0.54,1,0.356164388688388,0.356164388688388,18
1,0,1,0,145,0.56,0.56,1,0.406945614428817,0.406945614428817,19
1,0,1,0,145,0.75,0.75,1,-0.415455475149915,0.415455475149915,20
1,0,1,0,145,0.75,0.75,1,0.424882477061037,0.424882477061037,21
1,0,1,0,145,0.35,0.65,1,0.425840486864628,0.425840486864628,22
1,0,1,0,145,0.62,0.62,1,0.376516647824869,0.376516647824869,23
1,0,1,0,145,0.81,0.81,1,-0.396674753042177,0.396674753042177,24
0,1,0,1,145,0.29,0.71,1,-0.435232170282295,0.435232170282295,25
0,1,0,1,145,0.77,0.77,2,-0.416911252219416,0.416911252219416,1
0,1,1,0,145,0.87,0.87,2,0.40515517648483,0.40515517648483,2
1,0,1,0,145,0.92,0.92,2,-0.36226888629309,0.36226888629309,3
0,1,0,1,145,0.24,0.76,2,0.405119834874934,0.405119834874934,4
1,0,1,0,145,0.83,0.83,2,-0.35822077358744,0.35822077358744,5
0,1,1,0,145,0.88,0.88,2,0.379845168233508,0.379845168233508,6
1,0,1,0,145,0.87,0.87,2,-0.444791952717368,0.444791952717368,7
0,1,1,0,145,0.29,0.71,2,-0.397758844282621,0.397758844282621,8
0,1,1,0,145,0.91,0.91,2,0.370129439019665,0.370129439019665,9
0,1,1,0,145,0.9,0.9,2,0.442422596862625,0.442422596862625,10
1,0,1,0,145,0.9,0.9,2,-0.38248016295043,0.38248016295043,11
0,1,1,0,145,0.25,0.75,2,-0.422167718083832,0.422167718083832,12
0,1,0,1,145,0.26,0.74,2,0.362544212281758,0.362544212281758,13
0,1,1,0,145,0.77,0.77,2,0.395351112786316,0.395351112786316,14
1,0,1,0,145,0.75,0.75,2,-0.354172734854223,0.354172734854223,15
0,1,0,1,145,0.41,0.59,2,0.360466249078216,0.360466249078216,16
1,0,1,0,145,0.4,0.6,2,-0.404948489516584,0.404948489516584,17
1,0,1,0,145,0.72,0.72,2,0.427145846787906,0.427145846787906,18
1,0,1,0,145,0.69,0.69,2,0.430615514157908,0.430615514157908,19
1,0,1,0,145,0.83,0.83,2,-0.421438893582006,0.421438893582006,20
0,1,1,0,145,0.85,0.85,2,0.356729943597597,0.356729943597597,21
0,1,1,0,145,0.87,0.87,2,0.428762573819901,0.428762573819901,22
0,1,0,1,145,0.94,0.94,2,-0.384124357241773,0.384124357241773,23
1,0,1,0,145,0.08,0.92,2,-0.39454310028857,0.39454310028857,24
0,1,0,1,145,0.39,0.61,2,0.383421318045646,0.383421318045646,25
1,0,1,0,145,0.78,0.78,3,-0.0359591514899735,0.0359591514899735,1
1,0,1,0,145,0.91,0.91,3,0.0176909629213355,0.0176909629213355,2
0,1,1,0,145,0.79,0.79,3,-0.0461725827560845,0.0461725827560845,3
1,0,1,0,145,0.9,0.9,3,0.00292057562618347,0.00292057562618347,4
1,0,1,0,145,0.87,0.87,3,0.00572785735709652,0.00572785735709652,5
0,1,1,0,145,0.95,0.95,3,-0.0483376079437705,0.0483376079437705,6
0,1,1,0,145,0.96,0.96,3,-0.0248823011923605,0.0248823011923605,7
0,1,1,0,145,0.96,0.96,3,-0.0439527893687355,0.0439527893687355,8
0,1,0,1,145,0.99,0.99,3,0.0123392142647815,0.0123392142647815,9
1,0,1,0,145,0.99,0.99,3,0.0959890770417755,0.0959890770417755,10
1,0,1,0,145,0.98,0.98,3,0.090177369721476,0.090177369721476,11
0,1,1,0,145,0.98,0.98,3,-0.0159625438851415,0.0159625438851415,12
1,0,1,0,145,0.99,0.99,3,0.0827792153727125,0.0827792153727125,13
0,1,1,0,145,0.99,0.99,3,-0.0668739400793845,0.0668739400793845,14
1,0,1,0,145,0.96,0.96,3,0.0369495731633545,0.0369495731633545,15
0,1,1,0,145,1,1,3,-0.0463786064124295,0.0463786064124295,16
0,1,1,0,145,1,1,3,-0.0493286927045935,0.0493286927045935,17
0,1,1,0,145,0.99,0.99,3,-0.0139987488809535,0.0139987488809535,18
0,1,0,1,145,1,1,3,0.0698023907461295,0.0698023907461295,19
1,0,1,0,145,1,1,3,0.0159385237066495,0.0159385237066495,20
0,1,1,0,145,1,1,3,-0.0824090872212955,0.0824090872212955,21
0,1,1,0,145,1,1,3,-0.0317500511422035,0.0317500511422035,22
1,0,1,0,145,1,1,3,0.070691325650463,0.070691325650463,23
0,1,0,1,145,1,1,3,0.00363868871191347,0.00363868871191347,24
1,0,1,0,145,0,1,3,0.0158777555024785,0.0158777555024785,25
0,1,0,1,145,0.78,0.22,4,-0.37718306359451,0.37718306359451,1
1,0,1,0,145,0.48,0.48,4,-0.413635302478329,0.413635302478329,2
0,1,0,1,145,0.61,0.61,4,0.40663471778442,0.40663471778442,3
1,0,1,0,145,0.72,0.72,4,0.419136506183529,0.419136506183529,4
0,1,0,1,145,0.38,0.62,4,-0.413320845463123,0.413320845463123,5
1,0,1,0,145,0.75,0.75,4,0.380851327801332,0.380851327801332,6
1,0,1,0,145,0.45,0.55,4,0.436760001642046,0.436760001642046,7
1,0,1,0,145,0.74,0.74,4,0.394484745012685,0.394484745012685,8
0,1,1,0,145,0.76,0.76,4,-0.380972503157859,0.380972503157859,9
0,1,1,0,145,0.67,0.67,4,-0.413835558578066,0.413835558578066,10
1,0,1,0,145,0.37,0.63,4,0.419522633805674,0.419522633805674,11
0,1,0,1,145,0.53,0.47,4,-0.444759680329868,0.444759680329868,12
1,0,1,0,145,0.58,0.58,4,-0.412865210906437,0.412865210906437,13
1,0,1,0,145,0.57,0.57,4,0.424729441721213,0.424729441721213,14
0,1,0,1,145,0.53,0.47,4,-0.372429035287758,0.372429035287758,15
1,0,1,0,145,0.57,0.43,4,0.390609826062512,0.390609826062512,16
0,1,0,1,145,0.56,0.56,4,0.4065935396363,0.4065935396363,17
0,1,1,0,145,0.67,0.67,4,-0.378894528696947,0.378894528696947,18
0,1,1,0,145,0.69,0.69,4,-0.446853742798799,0.446853742798799,19
1,0,1,0,145,0.75,0.75,4,0.437774066567638,0.437774066567638,20
1,0,1,0,145,0.38,0.62,4,0.432127955300057,0.432127955300057,21
1,0,1,0,145,0.76,0.76,4,-0.405268463489546,0.405268463489546,22
0,1,1,0,145,0.75,0.75,4,-0.371894509749969,0.371894509749969,23
1,0,1,0,145,0.16,0.84,4,0.437752700492031,0.437752700492031,24
0,1,0,1,145,0.14,0.86,4,-0.366484986776709,0.366484986776709,25
0,1,0,1,145,0.62,0.38,5,0.0800845313777505,0.0800845313777505,1
0,1,0,1,145,0.55,0.55,5,-0.0254650800836305,0.0254650800836305,2
1,0,1,0,145,0.62,0.62,5,0.0542142745578325,0.0542142745578325,3
0,1,0,1,145,0.54,0.46,5,0.0534419982128925,0.0534419982128925,4
1,0,1,0,145,0.54,0.54,5,-0.0638037637487375,0.0638037637487375,5
1,0,1,0,145,0.64,0.64,5,-0.0340237559517015,0.0340237559517015,6
0,1,1,0,145,0.68,0.68,5,0.0911762727960325,0.0911762727960325,7
0,1,1,0,145,0.83,0.83,5,0.074621355465298,0.074621355465298,8
0,1,1,0,145,0.89,0.89,5,0.0525362350076875,0.0525362350076875,9
1,0,1,0,145,0.25,0.75,5,-0.0661940880143605,0.0661940880143605,10
0,1,0,1,145,0.86,0.86,5,-0.063305526365491,0.063305526365491,11
0,1,0,1,145,0.26,0.74,5,0.0640723906219845,0.0640723906219845,12
1,0,1,0,145,0.45,0.55,5,-0.0727443130598925,0.0727443130598925,13
0,1,0,1,145,0.61,0.61,5,-0.0455859849905165,0.0455859849905165,14
0,1,1,0,145,0.63,0.63,5,0.029462617910478,0.029462617910478,15
1,0,1,0,145,0.41,0.59,5,-0.0261460484382335,0.0261460484382335,16
0,1,0,1,145,0.75,0.75,5,-0.0844763777332395,0.0844763777332395,17
0,1,0,1,145,0.45,0.55,5,0.0508026968984495,0.0508026968984495,18
0,1,1,0,145,0.54,0.54,5,0.0237402868205635,0.0237402868205635,19
0,1,0,1,145,0.65,0.65,5,-0.0630463257283195,0.0630463257283195,20
1,0,1,0,145,0.32,0.68,5,-0.0607104298288535,0.0607104298288535,21
1,0,1,0,145,0.73,0.73,5,-0.0868193708779655,0.0868193708779655,22
0,1,1,0,145,0.8,0.8,5,0.0534047228136015,0.0534047228136015,23
0,1,1,0,145,0.85,0.85,5,0.0527037523633945,0.0527037523633945,24
1,0,1,0,145,0.14,0.86,5,-0.0802574632243365,0.0802574632243365,25
1,0,1,0,145,0.59,0.41,6,-0.0615200822732195,0.0615200822732195,1
0,1,0,1,145,0.55,0.55,6,0.0598478108221685,0.0598478108221685,2
0,1,1,0,145,0.61,0.61,6,-0.0242024514014265,0.0242024514014265,3
0,1,0,1,145,0.54,0.46,6,-0.0323710446191285,0.0323710446191285,4
1,0,1,0,145,0.56,0.56,6,-0.0914045635067305,0.0914045635067305,5
1,0,1,0,145,0.42,0.42,6,0.0385720592746315,0.0385720592746315,6
0,1,0,1,145,0.53,0.53,6,0.0603549472168215,0.0603549472168215,7
1,0,1,0,145,0.42,0.42,6,0.0681023757168625,0.0681023757168625,8
0,1,1,0,145,0.58,0.42,6,0.0666195823982775,0.0666195823982775,9
1,0,1,0,145,0.41,0.41,6,0.0745003740667725,0.0745003740667725,10
0,1,1,0,145,0.42,0.58,6,0.0805563654912255,0.0805563654912255,11
0,1,1,0,145,0.38,0.38,6,-0.0026797826572845,0.0026797826572845,12
1,0,1,0,145,0.58,0.58,6,-0.0815900910537195,0.0815900910537195,13
0,1,0,1,145,0.56,0.44,6,-0.0268181392292225,0.0268181392292225,14
1,0,1,0,145,0.55,0.55,6,0.0112869207103115,0.0112869207103115,15
1,0,1,0,145,0.59,0.41,6,0.0538423082985465,0.0538423082985465,16
0,1,0,1,145,0.53,0.53,6,0.0882473761614855,0.0882473761614855,17
1,0,1,0,145,0.55,0.55,6,0.0102624827287385,0.0102624827287385,18
0,1,1,0,145,0.58,0.58,6,-0.00345923842235449,0.00345923842235449,19
0,1,0,1,145,0.55,0.45,6,-0.0650196348816005,0.0650196348816005,20
1,0,1,0,145,0.6,0.6,6,-0.0769397785129235,0.0769397785129235,21
0,1,1,0,145,0.43,0.43,6,-0.0128744037096875,0.0128744037096875,22
0,1,1,0,145,0.46,0.54,6,0.0639249000537795,0.0639249000537795,23
0,1,1,0,145,0.54,0.54,6,-0.0264801054911555,0.0264801054911555,24
0,1,1,0,145,0.54,0.54,6,-0.0194981835073965,0.0194981835073965,25
0,1,0,1,145,0.56,0.44,7,0.378264048948184,0.378264048948184,1
1,0,1,0,145,0.55,0.55,7,0.379459954079529,0.379459954079529,2
0,1,0,1,145,0.43,0.57,7,0.420721718214541,0.420721718214541,3
1,0,1,0,145,0.45,0.45,7,-0.370328531154554,0.370328531154554,4
1,0,1,0,145,0.59,0.59,7,0.414417956493274,0.414417956493274,5
1,0,1,0,145,0.62,0.62,7,-0.391034829899068,0.391034829899068,6
0,1,1,0,145,0.68,0.68,7,0.431879018411513,0.431879018411513,7
1,0,1,0,145,0.71,0.71,7,-0.418407915925626,0.418407915925626,8
1,0,1,0,145,0.43,0.57,7,-0.351831215890036,0.351831215890036,9
1,0,1,0,145,0.72,0.72,7,-0.434485822352714,0.434485822352714,10
0,1,1,0,145,0.74,0.74,7,0.3584780309955,0.3584780309955,11
0,1,0,1,145,0.35,0.65,7,0.419841259754369,0.419841259754369,12
1,0,1,0,145,0.41,0.59,7,-0.365872878574943,0.365872878574943,13
0,1,1,0,145,0.65,0.65,7,0.398033489258103,0.398033489258103,14
1,0,1,0,145,0.65,0.65,7,-0.369760222697538,0.369760222697538,15
1,0,1,0,145,0.36,0.64,7,-0.383401392499126,0.383401392499126,16
1,0,1,0,145,0.74,0.74,7,-0.415136966195128,0.415136966195128,17
1,0,1,0,145,0.74,0.74,7,-0.423487106681794,0.423487106681794,18
1,0,1,0,145,0.32,0.68,7,-0.393522923697952,0.393522923697952,19
0,1,0,1,145,0.43,0.57,7,0.377670426183218,0.377670426183218,20
0,1,0,1,145,0.61,0.61,7,-0.438128223635632,0.438128223635632,21
0,1,1,0,145,0.64,0.64,7,0.366294031637521,0.366294031637521,22
0,1,1,0,145,0.64,0.64,7,0.385298054551601,0.385298054551601,23
0,1,1,0,145,0.67,0.67,7,0.356115382737589,0.356115382737589,24
1,0,1,0,145,0.17,0.83,7,-0.442332291301769,0.442332291301769,25
1,0,1,0,145,0.63,0.63,8,0.0700761022348685,0.0700761022348685,1
1,0,1,0,145,0.69,0.69,8,0.00150512505899753,0.00150512505899753,2
1,0,1,0,145,0.75,0.75,8,0.0231412594910515,0.0231412594910515,3
1,0,1,0,145,0.78,0.78,8,0.0881951552408645,0.0881951552408645,4
0,1,0,1,145,0.3,0.7,8,-0.0649789152962865,0.0649789152962865,5
0,1,1,0,145,0.75,0.75,8,-0.0950625335442125,0.0950625335442125,6
1,0,1,0,145,0.37,0.63,8,0.0444365160898955,0.0444365160898955,7
0,1,0,1,145,0.42,0.58,8,-0.0879496289542085,0.0879496289542085,8
0,1,0,1,145,0.69,0.69,8,0.0964226317502835,0.0964226317502835,9
1,0,1,0,145,0.42,0.58,8,0.0887866621497915,0.0887866621497915,10
0,1,1,0,145,0.61,0.61,8,-0.0151111984254385,0.0151111984254385,11
0,1,0,1,145,0.65,0.65,8,0.0631053400966565,0.0631053400966565,12
1,0,1,0,145,0.44,0.56,8,0.0510180947500015,0.0510180947500015,13
0,1,1,0,145,0.68,0.68,8,-0.0257594989100085,0.0257594989100085,14
1,0,1,0,145,0.67,0.67,8,0.0675313897642295,0.0675313897642295,15
0,1,1,0,145,0.69,0.69,8,-0.061674434647627,0.061674434647627,16
0,1,0,1,145,0.47,0.53,8,-0.0159838664387485,0.0159838664387485,17
1,0,1,0,145,0.75,0.75,8,0.0470039224888735,0.0470039224888735,18
0,1,1,0,145,0.55,0.45,8,0.0171072902411805,0.0171072902411805,19
0,1,1,0,145,0.7,0.7,8,-0.0360036142032975,0.0360036142032975,20
1,0,1,0,145,0.55,0.45,8,-0.0672784583708765,0.0672784583708765,21
0,1,1,0,145,0.66,0.66,8,-0.0530283149244625,0.0530283149244625,22
0,1,0,1,145,0.61,0.61,8,0.0780771246230335,0.0780771246230335,23
0,1,1,0,145,0.68,0.68,8,-0.0119238690171075,0.0119238690171075,24
1,0,1,0,145,0.63,0.63,8,-0.0330321126659235,0.0330321126659235,25
0,1,0,1,145,0.53,0.53,9,-0.0594621231096005,0.0594621231096005,1
0,1,0,1,145,0.53,0.47,9,0.0809641912215055,0.0809641912215055,2
1,0,1,0,145,0.56,0.56,9,0.0120397056599055,0.0120397056599055,3
1,0,1,0,145,0.43,0.57,9,0.0603776370654655,0.0603776370654655,4
0,1,1,0,145,0.54,0.54,9,0.0139695364749175,0.0139695364749175,5
1,0,1,0,145,0.6,0.6,9,-0.0535241268734885,0.0535241268734885,6
0,1,1,0,145,0.6,0.6,9,0.0650236719893185,0.0650236719893185,7
1,0,1,0,145,0.65,0.65,9,-0.0901056434093895,0.0901056434093895,8
0,1,0,1,145,0.54,0.54,9,-3.91691559805118e-05,3.91691559805118e-05,9
1,0,1,0,145,0.47,0.53,9,-0.0530137822507465,0.0530137822507465,10
1,0,1,0,145,0.59,0.59,9,-0.0776530057840045,0.0776530057840045,11
1,0,1,0,145,0.47,0.53,9,-0.0847881745756865,0.0847881745756865,12
0,1,1,0,145,0.62,0.62,9,0.00638405157146651,0.00638405157146651,13
0,1,0,1,145,0.46,0.54,9,0.0511485422187075,0.0511485422187075,14
0,1,0,1,145,0.57,0.57,9,-0.0975211908575795,0.0975211908575795,15
1,0,1,0,145,0.42,0.58,9,-0.0238658395451715,0.0238658395451715,16
0,1,1,0,145,0.64,0.64,9,0.0196989770429825,0.0196989770429825,17
0,1,0,1,145,0.42,0.58,9,0.0610600641394815,0.0610600641394815,18
1,0,1,0,145,0.61,0.61,9,-0.0185918033890155,0.0185918033890155,19
1,0,1,0,145,0.75,0.75,9,0.0344087848501635,0.0344087848501635,20
0,1,1,0,145,0.75,0.75,9,0.0611668119628155,0.0611668119628155,21
0,1,1,0,145,0.83,0.83,9,0.0844602955839775,0.0844602955839775,22
1,0,1,0,145,0.87,0.87,9,-0.0408500572759195,0.0408500572759195,23
1,0,1,0,145,0.28,0.72,9,-0.0716279026130565,0.0716279026130565,24
0,1,0,1,145,0.72,0.72,9,-0.0452788671545785,0.0452788671545785,25
1,0,1,0,145,0.58,0.58,10,-0.0519468627717155,0.0519468627717155,1
1,0,1,0,145,0.64,0.64,10,0.0455648080885555,0.0455648080885555,2
0,1,1,0,145,0.67,0.67,10,-0.0722430552967935,0.0722430552967935,3
1,0,1,0,145,0.8,0.8,10,0.0779390806415325,0.0779390806415325,4
0,1,1,0,145,0.81,0.81,10,-0.069331684054779,0.069331684054779,5
0,1,1,0,145,0.84,0.84,10,-0.0119361828799515,0.0119361828799515,6
1,0,1,0,145,0.87,0.87,10,0.0074825494006045,0.0074825494006045,7
1,0,1,0,145,0.86,0.86,10,0.0705178532197675,0.0705178532197675,8
0,1,1,0,145,0.89,0.89,10,-0.0870614585120375,0.0870614585120375,9
1,0,1,0,145,0.89,0.89,10,0.0282253845522865,0.0282253845522865,10
1,0,1,0,145,0.93,0.93,10,0.0471068509755075,0.0471068509755075,11
0,1,1,0,145,0.96,0.96,10,-0.0822849379125515,0.0822849379125515,12
1,0,1,0,145,0.98,0.98,10,0.0679952261909865,0.0679952261909865,13
1,0,1,0,145,0.96,0.96,10,0.0226104704039875,0.0226104704039875,14
1,0,1,0,145,0.98,0.98,10,0.0360060309925795,0.0360060309925795,15
0,1,1,0,145,1,1,10,-0.0555646887027225,0.0555646887027225,16
0,1,1,0,145,1,1,10,-0.0694958759480975,0.0694958759480975,17
1,0,1,0,145,1,1,10,0.0378364845663935,0.0378364845663935,18
1,0,1,0,145,1,1,10,0.0483837644146585,0.0483837644146585,19
0,1,0,1,145,1,1,10,0.00428978288457252,0.00428978288457252,20
1,0,1,0,145,0.99,0.99,10,0.079198321495053,0.079198321495053,21
0,1,1,0,145,1,1,10,-0.056619503956151,0.056619503956151,22
0,1,1,0,145,1,1,10,-0.0420199251448705,0.0420199251448705,23
0,1,1,0,145,1,1,10,-0.0274010865610615,0.0274010865610615,24
0,1,1,0,145,1,1,10,-0.0957595568418265,0.0957595568418265,25
1,0,1,0,145,0.45,0.45,11,-0.00891083054535952,0.00891083054535952,1
1,0,1,0,145,0.53,0.53,11,0.0190020450098915,0.0190020450098915,2
1,0,1,0,145,0.6,0.6,11,0.0712903193703155,0.0712903193703155,3
0,1,1,0,145,0.62,0.62,11,0.0360504728945145,0.0360504728945145,4
0,1,1,0,145,0.64,0.64,11,0.00871695264251252,0.00871695264251252,5
1,0,1,0,145,0.7,0.7,11,-0.0645710818163685,0.0645710818163685,6
1,0,1,0,145,0.74,0.74,11,-0.0967126814400605,0.0967126814400605,7
0,1,1,0,145,0.81,0.81,11,0.0331946137424155,0.0331946137424155,8
1,0,1,0,145,0.83,0.83,11,-0.0133645383324185,0.0133645383324185,9
0,1,1,0,145,0.87,0.87,11,0.0184898514994685,0.0184898514994685,10
1,0,1,0,145,0.89,0.89,11,-0.0895203720633645,0.0895203720633645,11
0,1,1,0,145,0.91,0.91,11,0.0522792063805855,0.0522792063805855,12
0,1,1,0,145,0.96,0.96,11,0.0360475154269865,0.0360475154269865,13
0,1,1,0,145,0.98,0.98,11,0.0994316357694075,0.0994316357694075,14
1,0,1,0,145,1,1,11,-0.0995062632718375,0.0995062632718375,15
0,1,1,0,145,1,1,11,0.0765632418813915,0.0765632418813915,16
0,1,1,0,145,1,1,11,0.0489450540421195,0.0489450540421195,17
1,0,1,0,145,1,1,11,-0.0468826145531215,0.0468826145531215,18
0,1,1,0,145,1,1,11,0.0512093362251695,0.0512093362251695,19
1,0,1,0,145,1,1,11,-0.0118816626507915,0.0118816626507915,20
1,0,1,0,145,1,1,11,-0.0156553899226175,0.0156553899226175,21
1,0,1,0,145,1,1,11,-0.0494064722214175,0.0494064722214175,22
0,1,1,0,145,1,1,11,0.0605377411736785,0.0605377411736785,23
1,0,1,0,145,1,1,11,-0.0682370866563675,0.0682370866563675,24
1,0,1,0,145,1,1,11,-0.0136999000198775,0.0136999000198775,25
0,1,0,1,145,0.54,0.54,12,-0.0339683405710145,0.0339683405710145,1
0,1,1,0,145,0.62,0.62,12,0.0824807609141175,0.0824807609141175,2
0,1,1,0,145,0.78,0.78,12,0.0359537023190045,0.0359537023190045,3
1,0,1,0,145,0.88,0.88,12,-0.0170792656291045,0.0170792656291045,4
1,0,1,0,145,0.92,0.92,12,-0.0750980053118945,0.0750980053118945,5
1,0,1,0,145,0.94,0.94,12,-0.0820518639849725,0.0820518639849725,6
0,1,0,1,145,0.8,0.8,12,-0.00348262910989852,0.00348262910989852,7
0,1,1,0,145,0.92,0.92,12,0.0405291764601745,0.0405291764601745,8
1,0,1,0,145,0.96,0.96,12,-0.0429067610304135,0.0429067610304135,9
0,1,1,0,145,0.96,0.96,12,0.0503985340206375,0.0503985340206375,10
0,1,1,0,145,0.98,0.98,12,0.0768912773570155,0.0768912773570155,11
1,0,1,0,145,0.96,0.96,12,-0.00739323307048051,0.00739323307048051,12
1,0,1,0,145,0.97,0.97,12,-0.0444542329773185,0.0444542329773185,13
0,1,1,0,145,0.99,0.99,12,0.0274559515253755,0.0274559515253755,14
1,0,1,0,145,0.96,0.96,12,-0.0299050035401015,0.0299050035401015,15
1,0,1,0,145,0.99,0.99,12,-0.083049298899225,0.083049298899225,16
1,0,1,0,145,0.99,0.99,12,-0.0372420046134925,0.0372420046134925,17
0,1,1,0,145,1,1,12,0.0922868180809995,0.0922868180809995,18
0,1,1,0,145,1,1,12,0.0558838935554755,0.0558838935554755,19
0,1,1,0,145,1,1,12,0.0692889788275465,0.0692889788275465,20
0,1,1,0,145,1,1,12,0.0864389882993355,0.0864389882993355,21
0,1,1,0,145,1,1,12,0.0786524968891365,0.0786524968891365,22
0,1,1,0,145,1,1,12,0.0312329215881275,0.0312329215881275,23
1,0,1,0,145,1,1,12,-0.0259033056388515,0.0259033056388515,24